#creation de la base de donnée 
create database ProjetAssociations ;
Use ProjetAssociations ; 
#creation de la table associations 
CREATE TABLE IF NOT EXISTS Associations(
   N°Siret  BIGINT  NOT NULL PRIMARY KEY 
  ,Secteuractivités text(100) NOT NULL
);
#insertion des données de la table associations 
INSERT INTO Associations(N°Siret,Secteuractivités) VALUES (48905531900029,'Loisirs;Social;Vie et animation locale');
INSERT INTO Associations(N°Siret,Secteuractivités) VALUES (81147565600013,'Environnement & écologie;Sport;Vie et animation locale');
INSERT INTO Associations(N°Siret,Secteuractivités) VALUES (48909505900015,'Culture & Arts;Social;Sport');
INSERT INTO Associations(N°Siret,Secteuractivités) VALUES (34482479200032,'Education & formation;Santé;Social');
INSERT INTO Associations(N°Siret,Secteuractivités) VALUES (83333142400014,'Vie et animation locale');
INSERT INTO Associations(N°Siret,Secteuractivités) VALUES (40864600800057,'Education & formation;Social;Vie et animation locale');
INSERT INTO Associations(N°Siret,Secteuractivités) VALUES (81237938600012,'Emploi;Social;Vie et animation locale');
INSERT INTO Associations(N°Siret,Secteuractivités) VALUES (41171045200045,'Culture & Arts;Mémoire;Précarité & Exclusion');
INSERT INTO Associations(N°Siret,Secteuractivités) VALUES (51078963900026,'Emploi;Précarité & Exclusion;Social');
INSERT INTO Associations(N°Siret,Secteuractivités) VALUES (82360268500013,'Education & formation;Emploi;Social');
INSERT INTO Associations(N°Siret,Secteuractivités) VALUES (45190253000026,'Education & formation;Social');
INSERT INTO Associations(N°Siret,Secteuractivités) VALUES (84832750800018,'Aides aux associations;Précarité & Exclusion;Technique & Recherche');
INSERT INTO Associations(N°Siret,Secteuractivités) VALUES (77558122600724,'Santé;Social');
INSERT INTO Associations(N°Siret,Secteuractivités) VALUES (82477653800012,'Education & formation;Environnement & écologie;Vie et animation locale');
INSERT INTO Associations(N°Siret,Secteuractivités) VALUES (41795127400022,'Culture & Arts;Sport;Vie et animation locale');
INSERT INTO Associations(N°Siret,Secteuractivités) VALUES (44326922000036,'Culture & Arts;Education & formation;Vie et animation locale');
INSERT INTO Associations(N°Siret,Secteuractivités) VALUES (41866385200022,'Culture & Arts;Loisirs;Vie et animation locale');
INSERT INTO Associations(N°Siret,Secteuractivités) VALUES (84202108100018,'Culture & Arts');
INSERT INTO Associations(N°Siret,Secteuractivités) VALUES (84990772000015,'Culture & Arts;Vie et animation locale');
INSERT INTO Associations(N°Siret,Secteuractivités) VALUES (42141414500027,'Culture & Arts;Education & formation');
INSERT INTO Associations(N°Siret,Secteuractivités) VALUES (85386749700010,'Culture & Arts;Education & formation;Technique & Recherche');
INSERT INTO Associations(N°Siret,Secteuractivités) VALUES (84488502000017,'Communication & média;Education & formation;Environnement & écologie');
INSERT INTO Associations(N°Siret,Secteuractivités) VALUES (79338438900011,'Culture & Arts;Vie et animation locale');
INSERT INTO Associations(N°Siret,Secteuractivités) VALUES (52441618700028,'Précarité & Exclusion;Social;Sport');
INSERT INTO Associations(N°Siret,Secteuractivités) VALUES (78475701500044,'Loisirs;Précarité & Exclusion;Social');
INSERT INTO Associations(N°Siret,Secteuractivités) VALUES (39902396900021,'Culture & Arts;Loisirs;Social');
INSERT INTO Associations(N°Siret,Secteuractivités) VALUES (80962143600025,'Loisirs;Social');
INSERT INTO Associations(N°Siret,Secteuractivités) VALUES (43432291300022,'Aides aux associations;Défense des droits et des intérêts;Vie et animation locale');
INSERT INTO Associations(N°Siret,Secteuractivités) VALUES (77566206700088,'Social;Vie et animation locale');
INSERT INTO Associations(N°Siret,Secteuractivités) VALUES (40345201400034,'Défense des droits et des intérêts;Santé;Social');
INSERT INTO Associations(N°Siret,Secteuractivités) VALUES (82235034400013,'Aides aux associations;Culture & Arts;Idée & opinion');
INSERT INTO Associations(N°Siret,Secteuractivités) VALUES (42439841000037,'Défense des droits et des intérêts;Education & formation;Précarité & Exclusion');
INSERT INTO Associations(N°Siret,Secteuractivités) VALUES (44050035300030,'Economie;Education & formation;Vie et animation locale');
INSERT INTO Associations(N°Siret,Secteuractivités) VALUES (43300654100026,'Education & formation;Social;Vie et animation locale');
INSERT INTO Associations(N°Siret,Secteuractivités) VALUES (80760996100014,'Culture & Arts;Environnement & écologie;Vie et animation locale');
INSERT INTO Associations(N°Siret,Secteuractivités) VALUES (48512828400026,'Défense des droits et des intérêts;Santé;Social');
INSERT INTO Associations(N°Siret,Secteuractivités) VALUES (53511360900015,'Culture & Arts');
INSERT INTO Associations(N°Siret,Secteuractivités) VALUES (40288681600030,'Humanitaire;Précarité & Exclusion;Social');
INSERT INTO Associations(N°Siret,Secteuractivités) VALUES (53810561000025,'Santé;Social;Sport');
INSERT INTO Associations(N°Siret,Secteuractivités) VALUES (48342956900021,'Santé;Sport;Vie et animation locale');
INSERT INTO Associations(N°Siret,Secteuractivités) VALUES (81864846100015,'Architecture & urbanisme;Précarité & Exclusion;Social');
INSERT INTO Associations(N°Siret,Secteuractivités) VALUES (41515562100014,'Education & formation');
INSERT INTO Associations(N°Siret,Secteuractivités) VALUES (39052131800043,'Culture & Arts');
INSERT INTO Associations(N°Siret,Secteuractivités) VALUES (44912604400014,'Culture & Arts;Social;Tourisme');
INSERT INTO Associations(N°Siret,Secteuractivités) VALUES (44392733000011,'Relations internationales;Social;Vie et animation locale');
INSERT INTO Associations(N°Siret,Secteuractivités) VALUES (51227547000015,'Culture & Arts');
INSERT INTO Associations(N°Siret,Secteuractivités) VALUES (51084893000028,'Culture & Arts;Humanitaire;Relations internationales');
INSERT INTO Associations(N°Siret,Secteuractivités) VALUES (49080435800037,'Loisirs;Social;Vie et animation locale');
INSERT INTO Associations(N°Siret,Secteuractivités) VALUES (79062195700014,'Culture & Arts;Education & formation;Loisirs');
INSERT INTO Associations(N°Siret,Secteuractivités) VALUES (83968213500018,'Défense des droits et des intérêts;Education & formation;Vie et animation locale');
INSERT INTO Associations(N°Siret,Secteuractivités) VALUES (81241791300025,'Culture & Arts;Education & formation;Environnement & écologie');
INSERT INTO Associations(N°Siret,Secteuractivités) VALUES (81193978400013,'Culture & Arts;Education & formation;Vie et animation locale');
INSERT INTO Associations(N°Siret,Secteuractivités) VALUES (45287605500032,'Emploi;Humanitaire;Précarité & Exclusion');
INSERT INTO Associations(N°Siret,Secteuractivités) VALUES (82277459200015,'Culture & Arts;Social;Vie et animation locale');
INSERT INTO Associations(N°Siret,Secteuractivités) VALUES (49008480300025,'Communication & média;Culture & Arts;Technique & Recherche');
INSERT INTO Associations(N°Siret,Secteuractivités) VALUES (41337908200022,'Santé;Social;Technique & Recherche');
INSERT INTO Associations(N°Siret,Secteuractivités) VALUES (83996025900019,'Humanitaire;Précarité & Exclusion;Social');
INSERT INTO Associations(N°Siret,Secteuractivités) VALUES (44926901800031,'Culture & Arts;Défense des droits et des intérêts;Education & formation');
INSERT INTO Associations(N°Siret,Secteuractivités) VALUES (77573872700038,'Culture & Arts');
INSERT INTO Associations(N°Siret,Secteuractivités) VALUES (43159836600018,'Aides aux associations;Education & formation;Technique & Recherche');
INSERT INTO Associations(N°Siret,Secteuractivités) VALUES (84841496700010,'Education & formation;Social;Vie et animation locale');
INSERT INTO Associations(N°Siret,Secteuractivités) VALUES (30048530700015,'Aides aux associations;Education & formation;Vie et animation locale');
INSERT INTO Associations(N°Siret,Secteuractivités) VALUES (39919509800039,'Communication & média;Défense des droits et des intérêts;Emploi');
INSERT INTO Associations(N°Siret,Secteuractivités) VALUES (34088665400011,'Culture & Arts;Education & formation');
INSERT INTO Associations(N°Siret,Secteuractivités) VALUES (77568497000541,'Emploi;Précarité & Exclusion;Santé');
INSERT INTO Associations(N°Siret,Secteuractivités) VALUES (41512988100058,'Education & formation;Emploi;Social');
INSERT INTO Associations(N°Siret,Secteuractivités) VALUES (52800732100011,'Architecture & urbanisme;Déplacements et transports;Environnement & écologie');
INSERT INTO Associations(N°Siret,Secteuractivités) VALUES (80846605600013,'Culture & Arts;Education & formation;Social');
INSERT INTO Associations(N°Siret,Secteuractivités) VALUES (50922618900017,'Culture & Arts;Précarité & Exclusion;Vie et animation locale');
INSERT INTO Associations(N°Siret,Secteuractivités) VALUES (53487056300044,'Culture & Arts;Emploi;Vie et animation locale');
INSERT INTO Associations(N°Siret,Secteuractivités) VALUES (84753850100010,'Culture & Arts;Education & formation');
INSERT INTO Associations(N°Siret,Secteuractivités) VALUES (82849862600013,'Culture & Arts;Loisirs;Vie et animation locale');
INSERT INTO Associations(N°Siret,Secteuractivités) VALUES (41775437100058,'Education & formation;Loisirs;Sport');
INSERT INTO Associations(N°Siret,Secteuractivités) VALUES (38467347100031,'Education & formation');
INSERT INTO Associations(N°Siret,Secteuractivités) VALUES (43797111200044,'Culture & Arts;Social;Vie et animation locale');
INSERT INTO Associations(N°Siret,Secteuractivités) VALUES (44822299200027,'Culture & Arts;Social;Sport');
INSERT INTO Associations(N°Siret,Secteuractivités) VALUES (82931724700015,'Mémoire');
INSERT INTO Associations(N°Siret,Secteuractivités) VALUES (48925534900032,'Culture & Arts;Education & formation');
INSERT INTO Associations(N°Siret,Secteuractivités) VALUES (33420396500051,'Sport');
INSERT INTO Associations(N°Siret,Secteuractivités) VALUES (48040445800022,'Culture & Arts;Social;Vie et animation locale');
INSERT INTO Associations(N°Siret,Secteuractivités) VALUES (82848233100026,'Communication & média;Culture & Arts');
INSERT INTO Associations(N°Siret,Secteuractivités) VALUES (84452401700010,'Défense des droits et des intérêts;Santé;Sport');
INSERT INTO Associations(N°Siret,Secteuractivités) VALUES (80988753200020,'Education & formation;Environnement & écologie;Social');
INSERT INTO Associations(N°Siret,Secteuractivités) VALUES (48004476700014,'Culture & Arts');
INSERT INTO Associations(N°Siret,Secteuractivités) VALUES (39032205500281,'Education & formation;Social;Vie et animation locale');
INSERT INTO Associations(N°Siret,Secteuractivités) VALUES (51880783900023,'Culture & Arts;Loisirs');
INSERT INTO Associations(N°Siret,Secteuractivités) VALUES (53755352100023,'Culture & Arts;Défense des droits et des intérêts;Social');
INSERT INTO Associations(N°Siret,Secteuractivités) VALUES (32732782100069,'Culture & Arts;Education & formation;Loisirs');
INSERT INTO Associations(N°Siret,Secteuractivités) VALUES (44536376500014,'Culture & Arts');
INSERT INTO Associations(N°Siret,Secteuractivités) VALUES (53044620200018,'Précarité & Exclusion;Social;Vie et animation locale');
INSERT INTO Associations(N°Siret,Secteuractivités) VALUES (34063517600019,'Education & formation;Emploi;Précarité & Exclusion');
INSERT INTO Associations(N°Siret,Secteuractivités) VALUES (42982459200043,'Sport');
INSERT INTO Associations(N°Siret,Secteuractivités) VALUES (80356418600010,'Vie et animation locale');
INSERT INTO Associations(N°Siret,Secteuractivités) VALUES (45256590600024,'Culture & Arts;Environnement & écologie;Social');
INSERT INTO Associations(N°Siret,Secteuractivités) VALUES (49779192100016,'Culture & Arts');
INSERT INTO Associations(N°Siret,Secteuractivités) VALUES (49489782000028,'Vie et animation locale');
INSERT INTO Associations(N°Siret,Secteuractivités) VALUES (33973531800018,'Education & formation;Social');
INSERT INTO Associations(N°Siret,Secteuractivités) VALUES (77561892900308,'Précarité & Exclusion;Social');
INSERT INTO Associations(N°Siret,Secteuractivités) VALUES (48111654900041,'Culture & Arts;Loisirs;Vie et animation locale');
#creation de la table demande 
CREATE TABLE IF NOT EXISTS Demande(
   N°Dossier       VARCHAR(10) NOT NULL PRIMARY KEY
  ,Objetdudossier  TEXT(100) NOT NULL
  ,Annéebudgétaire INTEGER  NOT NULL
  ,Nombénéficiaire TEXT(116) NOT NULL
  ,RefAssociation  BIGINT  NOT NULL
);
#insertion des données de la table demande 
INSERT INTO Demande(N°Dossier,Objetdudossier,Annéebudgétaire,Nombénéficiaire,RefAssociation) VALUES ('2020_07586','Co-financement DDCT d''un poste adultes-relais  AR 075 17 R0041 00',2020,'13 POUR TOUS',48905531900029);
INSERT INTO Demande(N°Dossier,Objetdudossier,Annéebudgétaire,Nombénéficiaire,RefAssociation) VALUES ('2020_08053','CS 2020/DASES SEPLEX',2020,'13 POUR TOUS',48905531900029);
INSERT INTO Demande(N°Dossier,Objetdudossier,Annéebudgétaire,Nombénéficiaire,RefAssociation) VALUES ('2020_04885','Ressourcerie Ephémère',2020,'3 S : SEJOUR SPORTIF SOLIDAIRE',81147565600013);
INSERT INTO Demande(N°Dossier,Objetdudossier,Annéebudgétaire,Nombénéficiaire,RefAssociation) VALUES ('2020_05032','De Mômes et d''opérette : Des grottes de Lascaux aux grafs de lascards.',2020,'4 A 4 DIX HUIT',48909505900015);
INSERT INTO Demande(N°Dossier,Objetdudossier,Annéebudgétaire,Nombénéficiaire,RefAssociation) VALUES ('2020_02992','Fonctionnement 2020 cité des ours 14 cité falaise 18e',2020,'ABC PUERICULTURE',34482479200032);
INSERT INTO Demande(N°Dossier,Objetdudossier,Annéebudgétaire,Nombénéficiaire,RefAssociation) VALUES ('2020_02648','Accorderie Paris Sud',2020,'ACCORDERIE PARIS-SUD (APS)',83333142400014);
INSERT INTO Demande(N°Dossier,Objetdudossier,Annéebudgétaire,Nombénéficiaire,RefAssociation) VALUES ('2020_05055','Semaine du Livre  à la Goutte d''Or',2020,'ACCUEIL GOUTTE D''OR',40864600800057);
INSERT INTO Demande(N°Dossier,Objetdudossier,Annéebudgétaire,Nombénéficiaire,RefAssociation) VALUES ('2020_04351','Activ''Action - les ateliers collectifs pour remobiliser vers l''emploi',2020,'ACTIV''ACTION',81237938600012);
INSERT INTO Demande(N°Dossier,Objetdudossier,Annéebudgétaire,Nombénéficiaire,RefAssociation) VALUES ('2020_07746','Les métiers du numérique à la portée de tou.te.s par une pédagogie innovante en apprentissage mixte',2020,'ACTIV''ACTION',81237938600012);
INSERT INTO Demande(N°Dossier,Objetdudossier,Annéebudgétaire,Nombénéficiaire,RefAssociation) VALUES ('2020_02211','Lumières républicainesComprendre pour s''informer, informer, faire savoir',2020,'ACTIVE ASSOCIATION CULTURELLE POUR LE TEXTE ET L''IMAGE VIVANTE',41171045200045);
INSERT INTO Demande(N°Dossier,Objetdudossier,Annéebudgétaire,Nombénéficiaire,RefAssociation) VALUES ('2020_03145','Le Labo d''ADAGE',2020,'ADAGE ASSOCIATION D''ACCOMPAGNEMENT GLOBAL CONTRE L''EXCLUSION',51078963900026);
INSERT INTO Demande(N°Dossier,Objetdudossier,Annéebudgétaire,Nombénéficiaire,RefAssociation) VALUES ('2020_05968','Noël Arc en Ciel Solidaire 2019',2020,'AFOOD''ARC-EN-CIEL',82360268500013);
INSERT INTO Demande(N°Dossier,Objetdudossier,Annéebudgétaire,Nombénéficiaire,RefAssociation) VALUES ('2020_10954','Collèges pour l''égalité : sensibiliser les jeunes collégien.ne.s de Paris à l''égalité filles-garçons',2020,'AGENCE DE DEVELOPPEMENT DES RELATIONS INTERCULTURELLES POUR LA  CITOYENNETE (ADRIC)',45190253000026);
INSERT INTO Demande(N°Dossier,Objetdudossier,Annéebudgétaire,Nombénéficiaire,RefAssociation) VALUES ('2020_07293','Projet handiroad: Trophées de l''économie sociale et solidaire',2020,'AGIR ENSEMBLE POUR L''INCLUSION ET L''AUTONOMIE',84832750800018);
INSERT INTO Demande(N°Dossier,Objetdudossier,Annéebudgétaire,Nombénéficiaire,RefAssociation) VALUES ('2020_05404','Installation de la SAS Bernard WYBO au sein d''un pôle inclusion professionnelleLocaux neufs',2020,'AGIR SOIGNER EDUQUER INSERER',77558122600724);
INSERT INTO Demande(N°Dossier,Objetdudossier,Annéebudgétaire,Nombénéficiaire,RefAssociation) VALUES ('2020_08122','Investissement MPV  Altrimenti : premier lieu zéro-déchet et anti-gaspi pour tous',2020,'ALTRIMENTI',82477653800012);
INSERT INTO Demande(N°Dossier,Objetdudossier,Annéebudgétaire,Nombénéficiaire,RefAssociation) VALUES ('2020_05407','TAP202 Atelier culture hip hip citoyenneté',2020,'ANDES DIFFUSION',41795127400022);
INSERT INTO Demande(N°Dossier,Objetdudossier,Annéebudgétaire,Nombénéficiaire,RefAssociation) VALUES ('2019_05885','Le Grand Slam des Amandiers',2019,'129 H PRODUCTIONS',44326922000036);
INSERT INTO Demande(N°Dossier,Objetdudossier,Annéebudgétaire,Nombénéficiaire,RefAssociation) VALUES ('2019_08902','Festival Onze Bouge sécurité',2019,'11EME EVENEMENTS',41866385200022);
INSERT INTO Demande(N°Dossier,Objetdudossier,Annéebudgétaire,Nombénéficiaire,RefAssociation) VALUES ('2020_09178','Mois d''août de la culture 2020 - L''accident de Bertrand',2020,'ANIMAL VERTICAL',84202108100018);
INSERT INTO Demande(N°Dossier,Objetdudossier,Annéebudgétaire,Nombénéficiaire,RefAssociation) VALUES ('2019_08933','Festival Tournée Générale',2019,'12 BARS EN SCENE',84990772000015);
INSERT INTO Demande(N°Dossier,Objetdudossier,Annéebudgétaire,Nombénéficiaire,RefAssociation) VALUES ('2019_00378','Face à face, texte Ingmar Bergman, mise en scène Léonard Matton / Aide à la création - Théâtre',2019,'A2R COMPAGNIE',42141414500027);
INSERT INTO Demande(N°Dossier,Objetdudossier,Annéebudgétaire,Nombénéficiaire,RefAssociation) VALUES ('2020_06004','AAPCS2020 - Past and Curious (saison 2)',2020,'ANIMER LE PASSE',85386749700010);
INSERT INTO Demande(N°Dossier,Objetdudossier,Annéebudgétaire,Nombénéficiaire,RefAssociation) VALUES ('2019_06356','ASL',2019,'13 POUR TOUS',48905531900029);
INSERT INTO Demande(N°Dossier,Objetdudossier,Annéebudgétaire,Nombénéficiaire,RefAssociation) VALUES ('2019_01530','violet 7 place violet 15e',2019,'ABC PUERICULTURE',34482479200032);
INSERT INTO Demande(N°Dossier,Objetdudossier,Annéebudgétaire,Nombénéficiaire,RefAssociation) VALUES ('2020_06975','Diffusion Long-métrage écologique Till Tomorrow',2020,'A PORTÉE DE MAIN',84488502000017);
INSERT INTO Demande(N°Dossier,Objetdudossier,Annéebudgétaire,Nombénéficiaire,RefAssociation) VALUES ('2019_03689','Subvention au titre de l''action culturelle de la mairie du 9e',2019,'9 E HISTOIRE SOCIETE POUR L''ETUDE DU PATRIMOINE ET DE L''HISTOIRE DU 9 EME ARRONDISSEMENT',79338438900011);
INSERT INTO Demande(N°Dossier,Objetdudossier,Annéebudgétaire,Nombénéficiaire,RefAssociation) VALUES ('2019_01391','EGALI ¿ T (Egalité Garantie par des Accompagnements Liés à l¿Insertion ¿ des Trans',2019,'ACCEPTESS-T (ACTIONS CONCRETES CONCILIANT EDUCATION, PREVENTION, TRAVAIL, EQUITE, SANTE, SPORT POUR LES TRANSGENRES)',52441618700028);
INSERT INTO Demande(N°Dossier,Objetdudossier,Annéebudgétaire,Nombénéficiaire,RefAssociation) VALUES ('2020_00751','RALLYE CITOYEN',2020,'A.P.S.A.J',78475701500044);
INSERT INTO Demande(N°Dossier,Objetdudossier,Annéebudgétaire,Nombénéficiaire,RefAssociation) VALUES ('2019_01515','14e ours 21bis r jonquoy 14e',2019,'ABC PUERICULTURE',34482479200032);
INSERT INTO Demande(N°Dossier,Objetdudossier,Annéebudgétaire,Nombénéficiaire,RefAssociation) VALUES ('2019_03692','Accès aux spectacles de théâtre et d''opéra pour le public en situation de handicap sensoriel',2019,'ACCES CULTURE',39902396900021);
INSERT INTO Demande(N°Dossier,Objetdudossier,Annéebudgétaire,Nombénéficiaire,RefAssociation) VALUES ('2020_05038','RALLYE CITOYEN',2020,'A.P.S.A.J',78475701500044);
INSERT INTO Demande(N°Dossier,Objetdudossier,Annéebudgétaire,Nombénéficiaire,RefAssociation) VALUES ('2019_01523','cité des ours 14 cité falaise 18e',2019,'ABC PUERICULTURE',34482479200032);
INSERT INTO Demande(N°Dossier,Objetdudossier,Annéebudgétaire,Nombénéficiaire,RefAssociation) VALUES ('2019_02146','Aide au fonctionnement, poste de ludothécaire',2019,'ACCESSIJEUX',80962143600025);
INSERT INTO Demande(N°Dossier,Objetdudossier,Annéebudgétaire,Nombénéficiaire,RefAssociation) VALUES ('2020_06797','Ateliers des savoirs',2020,'ARBP - ASSOCIATION RUNGIS BRILLAT PEUPLIERS',43432291300022);
INSERT INTO Demande(N°Dossier,Objetdudossier,Annéebudgétaire,Nombénéficiaire,RefAssociation) VALUES ('2019_05884','Le Grand Slam des Amandiers',2019,'129 H PRODUCTIONS',44326922000036);
INSERT INTO Demande(N°Dossier,Objetdudossier,Annéebudgétaire,Nombénéficiaire,RefAssociation) VALUES ('2019_01537','la maison des ours 9 r fernand foureau 12e',2019,'ABC PUERICULTURE',34482479200032);
INSERT INTO Demande(N°Dossier,Objetdudossier,Annéebudgétaire,Nombénéficiaire,RefAssociation) VALUES ('2019_07355','CPO SPV - Accorderie Paris Sud',2019,'ACCORDERIE PARIS-SUD (APS)',83333142400014);
INSERT INTO Demande(N°Dossier,Objetdudossier,Annéebudgétaire,Nombénéficiaire,RefAssociation) VALUES ('2020_05619','Horizons & cultures',2020,'ARC - EQUIPES D''AMITIES (ARC-EA)',77566206700088);
INSERT INTO Demande(N°Dossier,Objetdudossier,Annéebudgétaire,Nombénéficiaire,RefAssociation) VALUES ('2019_06441','Pause toi là',2019,'13 POUR TOUS',48905531900029);
INSERT INTO Demande(N°Dossier,Objetdudossier,Annéebudgétaire,Nombénéficiaire,RefAssociation) VALUES ('2019_01528','rap ram le petit bus itinérant crèche à domicile 36 avenue des ternes 17e',2019,'ABC PUERICULTURE',34482479200032);
INSERT INTO Demande(N°Dossier,Objetdudossier,Annéebudgétaire,Nombénéficiaire,RefAssociation) VALUES ('2019_03693','Dotation centres sociaux - DASES',2019,'ACCUEIL GOUTTE D''OR',40864600800057);
INSERT INTO Demande(N°Dossier,Objetdudossier,Annéebudgétaire,Nombénéficiaire,RefAssociation) VALUES ('2020_05626','Le 13 prend pas de rixes',2020,'ARC - EQUIPES D''AMITIES (ARC-EA)',77566206700088);
INSERT INTO Demande(N°Dossier,Objetdudossier,Annéebudgétaire,Nombénéficiaire,RefAssociation) VALUES ('2019_02145','Transport, voirie, déplacements et espace public',2019,'3 S : SEJOUR SPORTIF SOLIDAIRE',81147565600013);
INSERT INTO Demande(N°Dossier,Objetdudossier,Annéebudgétaire,Nombénéficiaire,RefAssociation) VALUES ('2019_02737','Repas du Quartier',2019,'ACCUEIL GOUTTE D''OR',40864600800057);
INSERT INTO Demande(N°Dossier,Objetdudossier,Annéebudgétaire,Nombénéficiaire,RefAssociation) VALUES ('2019_02561','Soutien accessibilité colloque "Neuropathie auditive, désynchronisation auditive"',2019,'ACTION CONNAISSANCE FORMATION POUR LA SURDITE ACFOS',40345201400034);
INSERT INTO Demande(N°Dossier,Objetdudossier,Annéebudgétaire,Nombénéficiaire,RefAssociation) VALUES ('2020_06015','RELAIS 18 HÉBERGEMENT',2020,'ARC - EQUIPES D''AMITIES (ARC-EA)',77566206700088);
INSERT INTO Demande(N°Dossier,Objetdudossier,Annéebudgétaire,Nombénéficiaire,RefAssociation) VALUES ('2019_04874','APIE2019',2019,'48H EN SCENE!',82235034400013);
INSERT INTO Demande(N°Dossier,Objetdudossier,Annéebudgétaire,Nombénéficiaire,RefAssociation) VALUES ('2019_08288','Co-financement DDCT d''un poste adultes-relais 075 15 R 0017 00 02',2019,'ACCUEIL LAGHOUAT',42439841000037);
INSERT INTO Demande(N°Dossier,Objetdudossier,Annéebudgétaire,Nombénéficiaire,RefAssociation) VALUES ('2019_06142','Accompagnement et animation du collectif " La Bonne Tambouille" secteur Tristan Tzara - quartier pri',2019,'AGENCE LOCALE D''INITIATIVES NOUVELLES POUR UNE ÉCONOMIE AUTRE ET SOLIDAIRE (A.L.I.N.E.A.S)',44050035300030);
INSERT INTO Demande(N°Dossier,Objetdudossier,Annéebudgétaire,Nombénéficiaire,RefAssociation) VALUES ('2020_01845','5 - CPO SEPLEX - La santé dans tous ses états',2020,'ARCHIPELIA',43300654100026);
INSERT INTO Demande(N°Dossier,Objetdudossier,Annéebudgétaire,Nombénéficiaire,RefAssociation) VALUES ('2019_07036','2-De mômes et d''Opérettes',2019,'4 A 4 DIX HUIT',48909505900015);
INSERT INTO Demande(N°Dossier,Objetdudossier,Annéebudgétaire,Nombénéficiaire,RefAssociation) VALUES ('2020_00651','PARIS ILLUMINE PARIS 2019-2020',2019,'ACOR BERTHOLLET ASSOCIATION DES COMMERCANTS ET RIVERAINS DE LA RUE BERTHOLLET',80760996100014);
INSERT INTO Demande(N°Dossier,Objetdudossier,Annéebudgétaire,Nombénéficiaire,RefAssociation) VALUES ('2019_04589','FONCTIONNEMENT DE L''ARBRE A PALABREPERMANENCE DES MIGRANTS VIEILLISSANTSORIGINAIRES D''AFRIQUE',2019,'AGIR POUR LA CULTURE ET LES ECHANGES ACTE',48512828400026);
INSERT INTO Demande(N°Dossier,Objetdudossier,Annéebudgétaire,Nombénéficiaire,RefAssociation) VALUES ('2020_02961','Demande d''aide de fonctionnement',2020,'ARIA DE PARIS',53511360900015);
INSERT INTO Demande(N°Dossier,Objetdudossier,Annéebudgétaire,Nombénéficiaire,RefAssociation) VALUES ('2019_09655','crèche à domicile avenue des Ternes',2019,'ABC PUERICULTURE',34482479200032);
INSERT INTO Demande(N°Dossier,Objetdudossier,Annéebudgétaire,Nombénéficiaire,RefAssociation) VALUES ('2019_04881','SOLIDEV19Soutenir le développement de pratiques agricoles durables et respectueuses du climat afin',2019,'ACTED',40288681600030);
INSERT INTO Demande(N°Dossier,Objetdudossier,Annéebudgétaire,Nombénéficiaire,RefAssociation) VALUES ('2019_05890','Femmes en mouvement!',2019,'AGORA',53810561000025);
INSERT INTO Demande(N°Dossier,Objetdudossier,Annéebudgétaire,Nombénéficiaire,RefAssociation) VALUES ('2020_11057','subvention exceptionnelle COVID-19.',2020,'ARMO''FORME',48342956900021);
INSERT INTO Demande(N°Dossier,Objetdudossier,Annéebudgétaire,Nombénéficiaire,RefAssociation) VALUES ('2019_01524','fabrique des ours 107 r regnault 13e',2019,'ABC PUERICULTURE',34482479200032);
INSERT INTO Demande(N°Dossier,Objetdudossier,Annéebudgétaire,Nombénéficiaire,RefAssociation) VALUES ('2019_02015','Appel à projets des abris pour les sans-abri',2019,'ACTES & CITES',81864846100015);
INSERT INTO Demande(N°Dossier,Objetdudossier,Annéebudgétaire,Nombénéficiaire,RefAssociation) VALUES ('2019_05010','Lien social - Ateliers socio-linguistiques',2019,'ALPHA IV',41515562100014);
INSERT INTO Demande(N°Dossier,Objetdudossier,Annéebudgétaire,Nombénéficiaire,RefAssociation) VALUES ('2020_03811','Les Solistes à Bagatelle',2020,'ARS MOBILIS',39052131800043);
INSERT INTO Demande(N°Dossier,Objetdudossier,Annéebudgétaire,Nombénéficiaire,RefAssociation) VALUES ('2019_01540','grandours 5 impasse du gué 18e',2019,'ABC PUERICULTURE',34482479200032);
INSERT INTO Demande(N°Dossier,Objetdudossier,Annéebudgétaire,Nombénéficiaire,RefAssociation) VALUES ('2019_05083','Subvention de fonctionnement',2019,'ACTION PASSERAILE',44912604400014);
INSERT INTO Demande(N°Dossier,Objetdudossier,Annéebudgétaire,Nombénéficiaire,RefAssociation) VALUES ('2019_06522','LCD Génération',2019,'AMICALE DAX',44392733000011);
INSERT INTO Demande(N°Dossier,Objetdudossier,Annéebudgétaire,Nombénéficiaire,RefAssociation) VALUES ('2020_09679','Initiation au spectacle vivant',2020,'ART2EVEIL',51227547000015);
INSERT INTO Demande(N°Dossier,Objetdudossier,Annéebudgétaire,Nombénéficiaire,RefAssociation) VALUES ('2019_07417','Atelier Parents d''enfants Parents d''élèves',2019,'ACCUEIL GOUTTE D''OR',40864600800057);
INSERT INTO Demande(N°Dossier,Objetdudossier,Annéebudgétaire,Nombénéficiaire,RefAssociation) VALUES ('2019_04884','Eau potable à Mpasa',2019,'ACTION POUR LA PROMOTION AGRO PASTORALE DU KASAI (APAP-K)',51084893000028);
INSERT INTO Demande(N°Dossier,Objetdudossier,Annéebudgétaire,Nombénéficiaire,RefAssociation) VALUES ('2019_02747','Médiateur-animateur interpartenarial',2019,'AOCSA LA 20E CHAISE',49080435800037);
INSERT INTO Demande(N°Dossier,Objetdudossier,Annéebudgétaire,Nombénéficiaire,RefAssociation) VALUES ('2020_05796','Danser Ensemble Le Monde - quartier st blaise',2020,'ARTAXE',79062195700014);
INSERT INTO Demande(N°Dossier,Objetdudossier,Annéebudgétaire,Nombénéficiaire,RefAssociation) VALUES ('2019_02741','Atelier Parents d''enfants Parents d''élèves',2019,'ACCUEIL GOUTTE D''OR',40864600800057);
INSERT INTO Demande(N°Dossier,Objetdudossier,Annéebudgétaire,Nombénéficiaire,RefAssociation) VALUES ('2019_05732','Des groupes de parole enfance-adolescence-parentalité pour:1. les collégiens2. les  mamans',2019,'ACTIONS RE ELLES',83968213500018);
INSERT INTO Demande(N°Dossier,Objetdudossier,Annéebudgétaire,Nombénéficiaire,RefAssociation) VALUES ('2019_08551','Premiers pas en France',2019,'AOCSA LA 20E CHAISE',49080435800037);
INSERT INTO Demande(N°Dossier,Objetdudossier,Annéebudgétaire,Nombénéficiaire,RefAssociation) VALUES ('2020_05408','TAP2020 art en mouvement, sous-titre : L''art çà bouge',2020,'ART ET CAETERA',81241791300025);
INSERT INTO Demande(N°Dossier,Objetdudossier,Annéebudgétaire,Nombénéficiaire,RefAssociation) VALUES ('2019_08183','Co-fiancement DDCT d''un adulte relais aAR075 17 R0025 00',2019,'ACCUEIL GOUTTE D''OR',40864600800057);
INSERT INTO Demande(N°Dossier,Objetdudossier,Annéebudgétaire,Nombénéficiaire,RefAssociation) VALUES ('2019_06332','EMPLOI - Activ''Action, des ateliers pour lever les freins à la création d''activité',2019,'ACTIV''ACTION',81237938600012);
INSERT INTO Demande(N°Dossier,Objetdudossier,Annéebudgétaire,Nombénéficiaire,RefAssociation) VALUES ('2019_07091','Rucher du 38',2019,'AOCSA LA 20E CHAISE',49080435800037);
INSERT INTO Demande(N°Dossier,Objetdudossier,Annéebudgétaire,Nombénéficiaire,RefAssociation) VALUES ('2020_06508','OPTIMISATION DE L OFFRE  DE LA PRATIQUE DE LA MUSIQUE ET DE L ART',2020,'ARTISTIX WAY LA VOIE EST LIBRE ET INFINIE',81193978400013);
INSERT INTO Demande(N°Dossier,Objetdudossier,Annéebudgétaire,Nombénéficiaire,RefAssociation) VALUES ('2019_07991','Renforcer son français pour une meilleure insertion professionnelle',2019,'ACCUEIL GOUTTE D''OR',40864600800057);
INSERT INTO Demande(N°Dossier,Objetdudossier,Annéebudgétaire,Nombénéficiaire,RefAssociation) VALUES ('2019_05201','Tous en Campagne Contre les Discriminations 6ème Édition- Echange de pratiques en Europe !',2019,'AGIS, NOTE ET INNOVE',45287605500032);
INSERT INTO Demande(N°Dossier,Objetdudossier,Annéebudgétaire,Nombénéficiaire,RefAssociation) VALUES ('2019_09367','Demande d''équipement dans le cadre du projet MON POINT DE VUE',2019,'APERTURA',82277459200015);
INSERT INTO Demande(N°Dossier,Objetdudossier,Annéebudgétaire,Nombénéficiaire,RefAssociation) VALUES ('2020_08741','Mois d¿août de la culture 2020¿CONTES ET COMPTINES EN LSF AU JARDIN PARTAGE LA BALEINE VERTE',2020,'ART''SIGN',49008480300025);
INSERT INTO Demande(N°Dossier,Objetdudossier,Annéebudgétaire,Nombénéficiaire,RefAssociation) VALUES ('2019_00349','Organisation du congrès annuel de l''association (Journée d''ALIS) et groupes de parole trimestriel',2019,'A.L.I.S (ASSOCIATION DU LOCKED-IN SYNDROME)',41337908200022);
INSERT INTO Demande(N°Dossier,Objetdudossier,Annéebudgétaire,Nombénéficiaire,RefAssociation) VALUES ('2019_02147','Mon Point de Vue',2019,'APERTURA',82277459200015);
INSERT INTO Demande(N°Dossier,Objetdudossier,Annéebudgétaire,Nombénéficiaire,RefAssociation) VALUES ('2020_02811','Subvention Vie associative 2020',2020,'ASILE',83996025900019);
INSERT INTO Demande(N°Dossier,Objetdudossier,Annéebudgétaire,Nombénéficiaire,RefAssociation) VALUES ('2020_05914','Répondre aux besoins essentiels des déplacés internes touchés par le conflit en Syrie',2019,'ACTED',40288681600030);
INSERT INTO Demande(N°Dossier,Objetdudossier,Annéebudgétaire,Nombénéficiaire,RefAssociation) VALUES ('2019_07071','17ème Festival International du Film des Droits de l''Homme de Paris',2019,'[A]LLIANCE',44926901800031);
INSERT INTO Demande(N°Dossier,Objetdudossier,Annéebudgétaire,Nombénéficiaire,RefAssociation) VALUES ('2019_05766','MEDIA DE QUARTIER : Jupiter info',2019,'A.P.S.A.J',78475701500044);
INSERT INTO Demande(N°Dossier,Objetdudossier,Annéebudgétaire,Nombénéficiaire,RefAssociation) VALUES ('2020_03958','PROGRAMME ACTIONS MUSEE RESISTANCE NATIONALE',2020,'ASS AMIS MUSEE RESISTANCE NATIONALE',77573872700038);
INSERT INTO Demande(N°Dossier,Objetdudossier,Annéebudgétaire,Nombénéficiaire,RefAssociation) VALUES ('2019_04887','APIE2019 - Rendez-vous des Jeunes Mathématiciennes, Animath',2019,'ANIMATH (ASSOCIATION POUR L''ANIMATION MATHEMATIQUE)',43159836600018);
INSERT INTO Demande(N°Dossier,Objetdudossier,Annéebudgétaire,Nombénéficiaire,RefAssociation) VALUES ('2019_06374','Fonds d''aide aux initiatives des habitants  (FPH)',2019,'ARBP - ASSOCIATION RUNGIS BRILLAT PEUPLIERS',43432291300022);
INSERT INTO Demande(N°Dossier,Objetdudossier,Annéebudgétaire,Nombénéficiaire,RefAssociation) VALUES ('2020_01382','Fête de quartier Blémont 2020',2020,'ASSOCIATION ACCORDERIE PARIS 18',84841496700010);
INSERT INTO Demande(N°Dossier,Objetdudossier,Annéebudgétaire,Nombénéficiaire,RefAssociation) VALUES ('2020_00472','DASES SPLEX IN',2019,'AGECA ASSOCIATION POUR LA GESTION D''UN CENTRE D''ANIMATION CULTURELLE',30048530700015);
INSERT INTO Demande(N°Dossier,Objetdudossier,Annéebudgétaire,Nombénéficiaire,RefAssociation) VALUES ('2019_07756','Soutien du Medialab - Centre de remobilisation professionnelle de la radio Vivre FM pour permettre l',2019,'ANPHI ASSOCIATION NATIONALE POUR LA PREVENTION DES HANDICAPS ET POUR L''INFORMATION',39919509800039);
INSERT INTO Demande(N°Dossier,Objetdudossier,Annéebudgétaire,Nombénéficiaire,RefAssociation) VALUES ('2019_02748','Fonds d''aide aux initiatives des habitants  (FPH)',2019,'ARBP - ASSOCIATION RUNGIS BRILLAT PEUPLIERS',43432291300022);
INSERT INTO Demande(N°Dossier,Objetdudossier,Annéebudgétaire,Nombénéficiaire,RefAssociation) VALUES ('2020_04944','Fonctionnement annuel Association American Center for Art and Culture - programmation 2020',2020,'ASSOCIATION AMERICAN CENTER FOR ART AND CULTURE  (ACAC)',34088665400011);
INSERT INTO Demande(N°Dossier,Objetdudossier,Annéebudgétaire,Nombénéficiaire,RefAssociation) VALUES ('2019_06141','Accompagnement et animation du collectif " La Bonne Tambouille" secteur Tristan Tzara - quartier pri',2019,'AGENCE LOCALE D''INITIATIVES NOUVELLES POUR UNE ÉCONOMIE AUTRE ET SOLIDAIRE (A.L.I.N.E.A.S)',44050035300030);
INSERT INTO Demande(N°Dossier,Objetdudossier,Annéebudgétaire,Nombénéficiaire,RefAssociation) VALUES ('2019_07892','Module français professionnel',2019,'AOCSA LA 20E CHAISE',49080435800037);
#creation de la table subvention 
CREATE TABLE IF NOT EXISTS Subvention(
   RefDossier     VARCHAR(10) NOT NULL 
  ,RefAssociation BIGINT  NOT NULL
  ,RefDirection   INT  NOT NULL
  ,Montantvoté    INT 
  ,Nature         VARCHAR(14) NOT NULL
  ,BUTAssociation VARCHAR(100) NOT NULL
);
#insertion des données de la table Subvention 
INSERT INTO Subvention(RefDossier,RefAssociation,RefDirection,Montantvoté,Nature,BUTAssociation) VALUES ('2020_07586',48905531900029,7,4700,'Fonctionnement','Co-financement DDCT d''un poste adultes-relais  AR 075 17 R0041 00');
INSERT INTO Subvention(RefDossier,RefAssociation,RefDirection,Montantvoté,Nature,BUTAssociation) VALUES ('2020_08053',48905531900029,6,209692,'Fonctionnement','CS 2020/DASES SEPLEX');
INSERT INTO Subvention(RefDossier,RefAssociation,RefDirection,Montantvoté,Nature,BUTAssociation) VALUES ('2020_04885',81147565600013,3,NULL,'Non précisée','Ressourcerie Ephémère');
INSERT INTO Subvention(RefDossier,RefAssociation,RefDirection,Montantvoté,Nature,BUTAssociation) VALUES ('2020_05032',48909505900015,5,NULL,'Non précisée','De Mômes et d''opérette : Des grottes de Lascaux aux grafs de lascards.');
INSERT INTO Subvention(RefDossier,RefAssociation,RefDirection,Montantvoté,Nature,BUTAssociation) VALUES ('2020_02992',34482479200032,10,217134,'Fonctionnement','Fonctionnement 2020 cité des ours 14 cité falaise 18e');
INSERT INTO Subvention(RefDossier,RefAssociation,RefDirection,Montantvoté,Nature,BUTAssociation) VALUES ('2020_02648',83333142400014,7,17500,'Projet','Accorderie Paris Sud');
INSERT INTO Subvention(RefDossier,RefAssociation,RefDirection,Montantvoté,Nature,BUTAssociation) VALUES ('2020_05055',40864600800057,2,NULL,'Non précisée','Semaine du Livre  à la Goutte d''Or');
INSERT INTO Subvention(RefDossier,RefAssociation,RefDirection,Montantvoté,Nature,BUTAssociation) VALUES ('2020_04351',81237938600012,3,NULL,'Non précisée','Activ''Action - les ateliers collectifs pour remobiliser vers l''emploi');
INSERT INTO Subvention(RefDossier,RefAssociation,RefDirection,Montantvoté,Nature,BUTAssociation) VALUES ('2020_07746',81237938600012,3,NULL,'Non précisée','Les métiers du numérique à la portée de tou.te.s par une pédagogie innovante en apprentissage mixte');
INSERT INTO Subvention(RefDossier,RefAssociation,RefDirection,Montantvoté,Nature,BUTAssociation) VALUES ('2020_02211',41171045200045,7,3000,'Projet','Lumières républicainesComprendre pour s''informer, informer, faire savoir');
INSERT INTO Subvention(RefDossier,RefAssociation,RefDirection,Montantvoté,Nature,BUTAssociation) VALUES ('2020_03145',51078963900026,3,25000,'Projet','Le Labo d''ADAGE');
INSERT INTO Subvention(RefDossier,RefAssociation,RefDirection,Montantvoté,Nature,BUTAssociation) VALUES ('2020_05968',82360268500013,6,NULL,'Non précisée','Noël Arc en Ciel Solidaire 2019');
INSERT INTO Subvention(RefDossier,RefAssociation,RefDirection,Montantvoté,Nature,BUTAssociation) VALUES ('2020_10954',45190253000026,7,5000,'Projet','Collèges pour l''égalité : sensibiliser les jeunes collégien.ne.s de Paris à l''égalité filles-garçons');
INSERT INTO Subvention(RefDossier,RefAssociation,RefDirection,Montantvoté,Nature,BUTAssociation) VALUES ('2020_07293',84832750800018,3,NULL,'Non précisée','Projet handiroad: Trophées de l''économie sociale et solidaire');
INSERT INTO Subvention(RefDossier,RefAssociation,RefDirection,Montantvoté,Nature,BUTAssociation) VALUES ('2020_05404',77558122600724,6,432029,'Investissement','Installation de la SAS Bernard WYBO au sein d''un pôle inclusion professionnelleLocaux neufs');
INSERT INTO Subvention(RefDossier,RefAssociation,RefDirection,Montantvoté,Nature,BUTAssociation) VALUES ('2020_08122',82477653800012,7,12000,'Investissement','Investissement MPV  Altrimenti : premier lieu zéro-déchet et anti-gaspi pour tous');
INSERT INTO Subvention(RefDossier,RefAssociation,RefDirection,Montantvoté,Nature,BUTAssociation) VALUES ('2020_05407',41795127400022,5,5580,'Fonctionnement','TAP202 Atelier culture hip hip citoyenneté');
INSERT INTO Subvention(RefDossier,RefAssociation,RefDirection,Montantvoté,Nature,BUTAssociation) VALUES ('2019_05885',44326922000036,5,1200,'Projet','Le Grand Slam des Amandiers');
INSERT INTO Subvention(RefDossier,RefAssociation,RefDirection,Montantvoté,Nature,BUTAssociation) VALUES ('2019_08902',41866385200022,2,5000,'Fonctionnement','Festival Onze Bouge sécurité');
INSERT INTO Subvention(RefDossier,RefAssociation,RefDirection,Montantvoté,Nature,BUTAssociation) VALUES ('2020_09178',84202108100018,2,NULL,'Non précisée','Mois d''août de la culture 2020 - L''accident de Bertrand');
INSERT INTO Subvention(RefDossier,RefAssociation,RefDirection,Montantvoté,Nature,BUTAssociation) VALUES ('2019_08933',84990772000015,2,NULL,'Non précisée','Festival Tournée Générale');
INSERT INTO Subvention(RefDossier,RefAssociation,RefDirection,Montantvoté,Nature,BUTAssociation) VALUES ('2019_00378',42141414500027,2,3000,'Projet','Face à face, texte Ingmar Bergman, mise en scène Léonard Matton / Aide à la création - Théâtre');
INSERT INTO Subvention(RefDossier,RefAssociation,RefDirection,Montantvoté,Nature,BUTAssociation) VALUES ('2020_06004',85386749700010,3,NULL,'Non précisée','AAPCS2020 - Past and Curious (saison 2)');
INSERT INTO Subvention(RefDossier,RefAssociation,RefDirection,Montantvoté,Nature,BUTAssociation) VALUES ('2019_06356',48905531900029,6,NULL,'Non précisée','ASL');
INSERT INTO Subvention(RefDossier,RefAssociation,RefDirection,Montantvoté,Nature,BUTAssociation) VALUES ('2019_01530',34482479200032,10,198477,'Fonctionnement','violet 7 place violet 15e');
INSERT INTO Subvention(RefDossier,RefAssociation,RefDirection,Montantvoté,Nature,BUTAssociation) VALUES ('2020_06975',84488502000017,8,500,'Projet','Diffusion Long-métrage écologique Till Tomorrow');
INSERT INTO Subvention(RefDossier,RefAssociation,RefDirection,Montantvoté,Nature,BUTAssociation) VALUES ('2019_03689',79338438900011,2,500,'Projet','Subvention au titre de l''action culturelle de la mairie du 9e');
INSERT INTO Subvention(RefDossier,RefAssociation,RefDirection,Montantvoté,Nature,BUTAssociation) VALUES ('2019_01391',52441618700028,6,20000,'Projet','EGALI ¿ T (Egalité Garantie par des Accompagnements Liés à l¿Insertion ¿ des Trans');
INSERT INTO Subvention(RefDossier,RefAssociation,RefDirection,Montantvoté,Nature,BUTAssociation) VALUES ('2020_00751',78475701500044,7,NULL,'Non précisée','RALLYE CITOYEN');
INSERT INTO Subvention(RefDossier,RefAssociation,RefDirection,Montantvoté,Nature,BUTAssociation) VALUES ('2019_01515',34482479200032,10,545990,'Fonctionnement','14e ours 21bis r jonquoy 14e');
INSERT INTO Subvention(RefDossier,RefAssociation,RefDirection,Montantvoté,Nature,BUTAssociation) VALUES ('2019_03692',39902396900021,2,20000,'Fonctionnement','Accès aux spectacles de théâtre et d''opéra pour le public en situation de handicap sensoriel');
INSERT INTO Subvention(RefDossier,RefAssociation,RefDirection,Montantvoté,Nature,BUTAssociation) VALUES ('2020_05038',78475701500044,18,2500,'Projet','RALLYE CITOYEN');
INSERT INTO Subvention(RefDossier,RefAssociation,RefDirection,Montantvoté,Nature,BUTAssociation) VALUES ('2019_01523',34482479200032,10,219292,'Fonctionnement','cité des ours 14 cité falaise 18e');
INSERT INTO Subvention(RefDossier,RefAssociation,RefDirection,Montantvoté,Nature,BUTAssociation) VALUES ('2019_02146',80962143600025,10,10000,'Fonctionnement','Aide au fonctionnement, poste de ludothécaire');
INSERT INTO Subvention(RefDossier,RefAssociation,RefDirection,Montantvoté,Nature,BUTAssociation) VALUES ('2020_06797',43432291300022,6,NULL,'Non précisée','Ateliers des savoirs');
INSERT INTO Subvention(RefDossier,RefAssociation,RefDirection,Montantvoté,Nature,BUTAssociation) VALUES ('2019_05884',44326922000036,2,2500,'Projet','Le Grand Slam des Amandiers');
INSERT INTO Subvention(RefDossier,RefAssociation,RefDirection,Montantvoté,Nature,BUTAssociation) VALUES ('2019_01537',34482479200032,10,283965,'Fonctionnement','la maison des ours 9 r fernand foureau 12e');
INSERT INTO Subvention(RefDossier,RefAssociation,RefDirection,Montantvoté,Nature,BUTAssociation) VALUES ('2019_07355',83333142400014,3,2500,'Projet','CPO SPV - Accorderie Paris Sud');
INSERT INTO Subvention(RefDossier,RefAssociation,RefDirection,Montantvoté,Nature,BUTAssociation) VALUES ('2020_05619',77566206700088,18,NULL,'Non précisée','Horizons & cultures');
INSERT INTO Subvention(RefDossier,RefAssociation,RefDirection,Montantvoté,Nature,BUTAssociation) VALUES ('2019_06441',48905531900029,15,3000,'Projet','Pause toi là');
INSERT INTO Subvention(RefDossier,RefAssociation,RefDirection,Montantvoté,Nature,BUTAssociation) VALUES ('2019_01528',34482479200032,10,184380,'Fonctionnement','rap ram le petit bus itinérant crèche à domicile 36 avenue des ternes 17e');
INSERT INTO Subvention(RefDossier,RefAssociation,RefDirection,Montantvoté,Nature,BUTAssociation) VALUES ('2019_03693',40864600800057,6,201342,'Fonctionnement','Dotation centres sociaux - DASES');
INSERT INTO Subvention(RefDossier,RefAssociation,RefDirection,Montantvoté,Nature,BUTAssociation) VALUES ('2020_05626',77566206700088,6,NULL,'Non précisée','Le 13 prend pas de rixes');
INSERT INTO Subvention(RefDossier,RefAssociation,RefDirection,Montantvoté,Nature,BUTAssociation) VALUES ('2019_02145',81147565600013,23,NULL,'Non précisée','Transport, voirie, déplacements et espace public');
INSERT INTO Subvention(RefDossier,RefAssociation,RefDirection,Montantvoté,Nature,BUTAssociation) VALUES ('2019_02737',40864600800057,7,NULL,'Non précisée','Repas du Quartier');
INSERT INTO Subvention(RefDossier,RefAssociation,RefDirection,Montantvoté,Nature,BUTAssociation) VALUES ('2019_02561',40345201400034,6,1500,'Fonctionnement','Soutien accessibilité colloque "Neuropathie auditive, désynchronisation auditive"');
INSERT INTO Subvention(RefDossier,RefAssociation,RefDirection,Montantvoté,Nature,BUTAssociation) VALUES ('2020_06015',77566206700088,6,252657,'Projet','RELAIS 18 HÉBERGEMENT');
INSERT INTO Subvention(RefDossier,RefAssociation,RefDirection,Montantvoté,Nature,BUTAssociation) VALUES ('2019_04874',82235034400013,3,1000,'Projet','APIE2019');
INSERT INTO Subvention(RefDossier,RefAssociation,RefDirection,Montantvoté,Nature,BUTAssociation) VALUES ('2019_08288',42439841000037,7,4700,'Fonctionnement','Co-financement DDCT d''un poste adultes-relais 075 15 R 0017 00 02');
INSERT INTO Subvention(RefDossier,RefAssociation,RefDirection,Montantvoté,Nature,BUTAssociation) VALUES ('2019_06142',44050035300030,7,1750,'Projet','Accompagnement et animation du collectif " La Bonne Tambouille" secteur Tristan Tzara - quartier pri');
INSERT INTO Subvention(RefDossier,RefAssociation,RefDirection,Montantvoté,Nature,BUTAssociation) VALUES ('2020_01845',43300654100026,7,NULL,'Non précisée','5 - CPO SEPLEX - La santé dans tous ses états');
INSERT INTO Subvention(RefDossier,RefAssociation,RefDirection,Montantvoté,Nature,BUTAssociation) VALUES ('2019_07036',48909505900015,2,NULL,'Non précisée','2-De mômes et d''Opérettes');
INSERT INTO Subvention(RefDossier,RefAssociation,RefDirection,Montantvoté,Nature,BUTAssociation) VALUES ('2020_00651',80760996100014,3,3300,'Fonctionnement','PARIS ILLUMINE PARIS 2019-2020');
INSERT INTO Subvention(RefDossier,RefAssociation,RefDirection,Montantvoté,Nature,BUTAssociation) VALUES ('2019_04589',48512828400026,7,10000,'Projet','FONCTIONNEMENT DE L''ARBRE A PALABREPERMANENCE DES MIGRANTS VIEILLISSANTSORIGINAIRES D''AFRIQUE');
INSERT INTO Subvention(RefDossier,RefAssociation,RefDirection,Montantvoté,Nature,BUTAssociation) VALUES ('2020_02961',53511360900015,2,2500,'Fonctionnement','Demande d''aide de fonctionnement');
INSERT INTO Subvention(RefDossier,RefAssociation,RefDirection,Montantvoté,Nature,BUTAssociation) VALUES ('2019_09655',34482479200032,10,61138,'Fonctionnement','crèche à domicile avenue des Ternes');
INSERT INTO Subvention(RefDossier,RefAssociation,RefDirection,Montantvoté,Nature,BUTAssociation) VALUES ('2019_04881',40288681600030,12,NULL,'Non précisée','SOLIDEV19Soutenir le développement de pratiques agricoles durables et respectueuses du climat afin');
INSERT INTO Subvention(RefDossier,RefAssociation,RefDirection,Montantvoté,Nature,BUTAssociation) VALUES ('2019_05890',53810561000025,6,NULL,'Non précisée','Femmes en mouvement!');
INSERT INTO Subvention(RefDossier,RefAssociation,RefDirection,Montantvoté,Nature,BUTAssociation) VALUES ('2020_11057',48342956900021,15,225,'Projet','subvention exceptionnelle COVID-19.');
INSERT INTO Subvention(RefDossier,RefAssociation,RefDirection,Montantvoté,Nature,BUTAssociation) VALUES ('2019_01524',34482479200032,10,206922,'Fonctionnement','fabrique des ours 107 r regnault 13e');
INSERT INTO Subvention(RefDossier,RefAssociation,RefDirection,Montantvoté,Nature,BUTAssociation) VALUES ('2019_02015',81864846100015,6,NULL,'Non précisée','Appel à projets des abris pour les sans-abri');
INSERT INTO Subvention(RefDossier,RefAssociation,RefDirection,Montantvoté,Nature,BUTAssociation) VALUES ('2019_05010',41515562100014,7,4000,'Fonctionnement','Lien social - Ateliers socio-linguistiques');
INSERT INTO Subvention(RefDossier,RefAssociation,RefDirection,Montantvoté,Nature,BUTAssociation) VALUES ('2020_03811',39052131800043,2,5000,'Projet','Les Solistes à Bagatelle');
INSERT INTO Subvention(RefDossier,RefAssociation,RefDirection,Montantvoté,Nature,BUTAssociation) VALUES ('2019_01540',34482479200032,10,220781,'Fonctionnement','grandours 5 impasse du gué 18e');
INSERT INTO Subvention(RefDossier,RefAssociation,RefDirection,Montantvoté,Nature,BUTAssociation) VALUES ('2019_05083',44912604400014,6,30000,'Fonctionnement','Subvention de fonctionnement');
INSERT INTO Subvention(RefDossier,RefAssociation,RefDirection,Montantvoté,Nature,BUTAssociation) VALUES ('2019_06522',44392733000011,6,NULL,'Non précisée','LCD Génération');
INSERT INTO Subvention(RefDossier,RefAssociation,RefDirection,Montantvoté,Nature,BUTAssociation) VALUES ('2020_09679',51227547000015,2,3000,'Fonctionnement','Initiation au spectacle vivant');
INSERT INTO Subvention(RefDossier,RefAssociation,RefDirection,Montantvoté,Nature,BUTAssociation) VALUES ('2019_07417',40864600800057,10,NULL,'Non précisée','Atelier Parents d''enfants Parents d''élèves');
INSERT INTO Subvention(RefDossier,RefAssociation,RefDirection,Montantvoté,Nature,BUTAssociation) VALUES ('2019_04884',51084893000028,12,39220,'Fonctionnement','Eau potable à Mpasa');
INSERT INTO Subvention(RefDossier,RefAssociation,RefDirection,Montantvoté,Nature,BUTAssociation) VALUES ('2019_02747',49080435800037,7,NULL,'Non précisée','Médiateur-animateur interpartenarial');
INSERT INTO Subvention(RefDossier,RefAssociation,RefDirection,Montantvoté,Nature,BUTAssociation) VALUES ('2020_05796',79062195700014,7,NULL,'Non précisée','Danser Ensemble Le Monde - quartier st blaise');
INSERT INTO Subvention(RefDossier,RefAssociation,RefDirection,Montantvoté,Nature,BUTAssociation) VALUES ('2019_02741',40864600800057,7,3000,'Projet','Atelier Parents d''enfants Parents d''élèves');
INSERT INTO Subvention(RefDossier,RefAssociation,RefDirection,Montantvoté,Nature,BUTAssociation) VALUES ('2019_05732',83968213500018,10,NULL,'Non précisée','Des groupes de parole enfance-adolescence-parentalité pour:1. les collégiens2. les  mamans');
INSERT INTO Subvention(RefDossier,RefAssociation,RefDirection,Montantvoté,Nature,BUTAssociation) VALUES ('2019_08551',49080435800037,7,NULL,'Non précisée','Premiers pas en France');
INSERT INTO Subvention(RefDossier,RefAssociation,RefDirection,Montantvoté,Nature,BUTAssociation) VALUES ('2020_05408',81241791300025,5,3510,'Fonctionnement','TAP2020 art en mouvement, sous-titre : L''art çà bouge');
INSERT INTO Subvention(RefDossier,RefAssociation,RefDirection,Montantvoté,Nature,BUTAssociation) VALUES ('2019_08183',40864600800057,7,4700,'Fonctionnement','Co-fiancement DDCT d''un adulte relais aAR075 17 R0025 00');
INSERT INTO Subvention(RefDossier,RefAssociation,RefDirection,Montantvoté,Nature,BUTAssociation) VALUES ('2019_06332',81237938600012,3,NULL,'Non précisée','EMPLOI - Activ''Action, des ateliers pour lever les freins à la création d''activité');
INSERT INTO Subvention(RefDossier,RefAssociation,RefDirection,Montantvoté,Nature,BUTAssociation) VALUES ('2019_07091',49080435800037,18,NULL,'Non précisée','Rucher du 38');
INSERT INTO Subvention(RefDossier,RefAssociation,RefDirection,Montantvoté,Nature,BUTAssociation) VALUES ('2020_06508',81193978400013,2,NULL,'Non précisée','OPTIMISATION DE L OFFRE  DE LA PRATIQUE DE LA MUSIQUE ET DE L ART');
INSERT INTO Subvention(RefDossier,RefAssociation,RefDirection,Montantvoté,Nature,BUTAssociation) VALUES ('2019_07991',40864600800057,7,NULL,'Non précisée','Renforcer son français pour une meilleure insertion professionnelle');
INSERT INTO Subvention(RefDossier,RefAssociation,RefDirection,Montantvoté,Nature,BUTAssociation) VALUES ('2019_05201',45287605500032,12,5000,'Projet','Tous en Campagne Contre les Discriminations 6ème Édition- Echange de pratiques en Europe !');
INSERT INTO Subvention(RefDossier,RefAssociation,RefDirection,Montantvoté,Nature,BUTAssociation) VALUES ('2019_09367',82277459200015,7,NULL,'Non précisée','Demande d''équipement dans le cadre du projet MON POINT DE VUE');
INSERT INTO Subvention(RefDossier,RefAssociation,RefDirection,Montantvoté,Nature,BUTAssociation) VALUES ('2020_08741',49008480300025,2,2000,'Projet','Mois d¿août de la culture 2020¿CONTES ET COMPTINES EN LSF AU JARDIN PARTAGE LA BALEINE VERTE');
INSERT INTO Subvention(RefDossier,RefAssociation,RefDirection,Montantvoté,Nature,BUTAssociation) VALUES ('2019_00349',41337908200022,6,2000,'Fonctionnement','Organisation du congrès annuel de l''association (Journée d''ALIS) et groupes de parole trimestriel');
INSERT INTO Subvention(RefDossier,RefAssociation,RefDirection,Montantvoté,Nature,BUTAssociation) VALUES ('2019_02147',82277459200015,7,1000,'Projet','Mon Point de Vue');
INSERT INTO Subvention(RefDossier,RefAssociation,RefDirection,Montantvoté,Nature,BUTAssociation) VALUES ('2020_02811',83996025900019,7,NULL,'Non précisée','Subvention Vie associative 2020');
INSERT INTO Subvention(RefDossier,RefAssociation,RefDirection,Montantvoté,Nature,BUTAssociation) VALUES ('2020_05914',40288681600030,12,130000,'Fonctionnement','Répondre aux besoins essentiels des déplacés internes touchés par le conflit en Syrie');
INSERT INTO Subvention(RefDossier,RefAssociation,RefDirection,Montantvoté,Nature,BUTAssociation) VALUES ('2019_07071',44926901800031,7,NULL,'Non précisée','17ème Festival International du Film des Droits de l''Homme de Paris');
INSERT INTO Subvention(RefDossier,RefAssociation,RefDirection,Montantvoté,Nature,BUTAssociation) VALUES ('2019_05766',78475701500044,15,1500,'Projet','MEDIA DE QUARTIER : Jupiter info');
INSERT INTO Subvention(RefDossier,RefAssociation,RefDirection,Montantvoté,Nature,BUTAssociation) VALUES ('2020_03958',77573872700038,2,25000,'Projet','PROGRAMME ACTIONS MUSEE RESISTANCE NATIONALE');
INSERT INTO Subvention(RefDossier,RefAssociation,RefDirection,Montantvoté,Nature,BUTAssociation) VALUES ('2019_04887',43159836600018,3,1000,'Projet','APIE2019 - Rendez-vous des Jeunes Mathématiciennes, Animath');
INSERT INTO Subvention(RefDossier,RefAssociation,RefDirection,Montantvoté,Nature,BUTAssociation) VALUES ('2019_06374',43432291300022,15,NULL,'Non précisée','Fonds d''aide aux initiatives des habitants  (FPH)');
INSERT INTO Subvention(RefDossier,RefAssociation,RefDirection,Montantvoté,Nature,BUTAssociation) VALUES ('2020_01382',84841496700010,7,2500,'Projet','Fête de quartier Blémont 2020');
INSERT INTO Subvention(RefDossier,RefAssociation,RefDirection,Montantvoté,Nature,BUTAssociation) VALUES ('2020_00472',30048530700015,6,50000,'Projet','DASES SPLEX IN');
INSERT INTO Subvention(RefDossier,RefAssociation,RefDirection,Montantvoté,Nature,BUTAssociation) VALUES ('2019_07756',39919509800039,6,28000,'Fonctionnement','Soutien du Medialab - Centre de remobilisation professionnelle de la radio Vivre FM pour permettre l');
INSERT INTO Subvention(RefDossier,RefAssociation,RefDirection,Montantvoté,Nature,BUTAssociation) VALUES ('2019_02748',43432291300022,7,8000,'Projet','Fonds d''aide aux initiatives des habitants  (FPH)');
INSERT INTO Subvention(RefDossier,RefAssociation,RefDirection,Montantvoté,Nature,BUTAssociation) VALUES ('2020_04944',34088665400011,2,NULL,'Non précisée','Fonctionnement annuel Association American Center for Art and Culture - programmation 2020');
INSERT INTO Subvention(RefDossier,RefAssociation,RefDirection,Montantvoté,Nature,BUTAssociation) VALUES ('2019_06141',44050035300030,3,NULL,'Non précisée','Accompagnement et animation du collectif " La Bonne Tambouille" secteur Tristan Tzara - quartier pri');
INSERT INTO Subvention(RefDossier,RefAssociation,RefDirection,Montantvoté,Nature,BUTAssociation) VALUES ('2019_07892',49080435800037,3,9000,'Projet','Module français professionnel');

#creation de la table direction 
CREATE TABLE IF NOT EXISTS Direction(
   CodeDirection  INTEGER  NOT NULL PRIMARY KEY 
  ,Sigledirection VARCHAR(12)
  ,Nomdirection   text(100) NOT NULL
);
#insertion des données de la table direction 
INSERT INTO Direction(CodeDirection,Sigledirection,Nomdirection) VALUES (1,'CASVP','Centre d''action sociale de la Ville de Paris');
INSERT INTO Direction(CodeDirection,Sigledirection,Nomdirection) VALUES (2,'DAC','Direction des affaires culturelles');
INSERT INTO Direction(CodeDirection,Sigledirection,Nomdirection) VALUES (3,'DAE','Direction de l''attractivité et de l''emploi');
INSERT INTO Direction(CodeDirection,Sigledirection,Nomdirection) VALUES (4,'DAJ','Direction des affaires juridiques');
INSERT INTO Direction(CodeDirection,Sigledirection,Nomdirection) VALUES (5,'DASCO','Direction des affaires scolaires');
INSERT INTO Direction(CodeDirection,Sigledirection,Nomdirection) VALUES (6,'DASES','Direction de l''action sociale, de l''enfance et de la santé');
INSERT INTO Direction(CodeDirection,Sigledirection,Nomdirection) VALUES (7,'DDCT','Direction de la démocratie, des citoyens et des territoires (ex DUCT)');
INSERT INTO Direction(CodeDirection,Sigledirection,Nomdirection) VALUES (8,'DEVE','Direction des espaces verts et de l’environnement');
INSERT INTO Direction(CodeDirection,Sigledirection,Nomdirection) VALUES (9,'DFA','Direction des finances et des achats');
INSERT INTO Direction(CodeDirection,Sigledirection,Nomdirection) VALUES (10,'DFPE','Direction des familles et de la petite enfance');
INSERT INTO Direction(CodeDirection,Sigledirection,Nomdirection) VALUES (11,'DGOM','Délégation générale à l''Outre-Mer');
INSERT INTO Direction(CodeDirection,Sigledirection,Nomdirection) VALUES (12,'DGRI','Délégation générale aux relations internationales');
INSERT INTO Direction(CodeDirection,Sigledirection,Nomdirection) VALUES (13,'DICOM','Direction de la communication');
INSERT INTO Direction(CodeDirection,Sigledirection,Nomdirection) VALUES (14,'DILT','Direction de l''immobilier, de la logistique et des transports');
INSERT INTO Direction(CodeDirection,Sigledirection,Nomdirection) VALUES (15,'DJS','Direction de la jeunesse et des sports');
INSERT INTO Direction(CodeDirection,Sigledirection,Nomdirection) VALUES (16,'DLH','Direction du logement et de l''habitat');
INSERT INTO Direction(CodeDirection,Sigledirection,Nomdirection) VALUES (17,'DPE','Direction de la propreté et de l''eau');
INSERT INTO Direction(CodeDirection,Sigledirection,Nomdirection) VALUES (18,'DPSP','Direction de la prévention, de la sécurité et de la protection');
INSERT INTO Direction(CodeDirection,Sigledirection,Nomdirection) VALUES (19,'DPVI','Délégation à la Politique de la Ville et à l''Intégration (intégrée à la DDCT en 2014)');
INSERT INTO Direction(CodeDirection,Sigledirection,Nomdirection) VALUES (20,'DRH','Direction des ressources humaines');
INSERT INTO Direction(CodeDirection,Sigledirection,Nomdirection) VALUES (21,'DU','Direction de l''urbanisme');
INSERT INTO Direction(CodeDirection,Sigledirection,Nomdirection) VALUES (22,'DUCT','Direction des Usagers, des Citoyens et des Territoires (ancien nom de la DDCT)');
INSERT INTO Direction(CodeDirection,Sigledirection,Nomdirection) VALUES (23,'DVD','Direction de la voirie et des déplacements');
INSERT INTO Direction(CodeDirection,Sigledirection,Nomdirection) VALUES (24,'SG','Secrétariat Général');
INSERT INTO Direction(CodeDirection,Sigledirection,Nomdirection) VALUES (25,'SGCP','Secrétariat Général du Conseil de Paris (intégré à la DDCT en 2014)');
INSERT INTO Direction(CodeDirection,Sigledirection,Nomdirection) VALUES (26,'SG-DPMC','Secrétariat Général - Délégation à Paris Métropole et aux Coopérations');
INSERT INTO Direction(CodeDirection,Sigledirection,Nomdirection) VALUES (27,'SG-MI-CINEMA','Secrétariat Général - Mission Cinéma (intégré en 2016 à la DAC)');
